Hashtag,Count
#MeclisStajıOyla,312
#çerkezköy,280
#討ち入りゾロ,274
#EmeklilikteYaşaTakılanlar,135
#…,131
#質問箱,115
#匿名質問募集中,109
#MANIFESTO_IN_BANGKOK,107
#バウンティラッシュ,97
#上海,95
#TejasswiPrakash,85
#iHeartAwards,79
#深圳,75
#杭州,75
#SUNOO,71
#VatanaCanVereneKadro,69
#जादूगर_जादूकर,68
#ดาราสาวไต้หวัน,67
#FireStormIsComing,65
#UzmanÇavuş,62
#北京,62
#實實阿點用其實,60
##,60
#苏州,59
#BestMusicVideo,57
#原神,54
#nsfw,54
#TheLastOfUs,54
#Pathaan,53
#RT,52
#camda,51
#BetweenUsFinalEP,49
#,44
#OG,44
#JusticeForAsharamjiBapu,43
#ブルアカ,43
#广州,42
#キャンペーン,41
#プレゼント,39
#شیطان_کی_مجلس_شوری,39
#TejRan,39
#Şişli,38
#ENHYPEN,38
#مهسا_امینی,38
#BiggBoss16,37
#Varisu,37
#LeftandRight,37
#成都,36
#임영웅,36
#mersintraveﬅi,35
#اقتصاد,35
#上海资源,33
#深圳丝足,33
#BestFanArmy,33
#सशरीर_सतलोक_गमन,32
#深圳资源,32
#PriyankaChaharChoudhary,32
#BBTitans,31
#SugarRushRide,31
#Nnattawin,31
#北京资源,31
#ชาล็อตออสติน,30
#杭州资源,29
#LoveOnTourLA,29
#bbrightvc,29
#Giveaway,29
#อิงล็อต,29
#苏州资源,29
#سیاست_سے_پہلے_ریاست,28
#GenshinImpact,28
#JO1,28
#ShivThakare,28
#2000sonrasıADALET,28
#杭州丝足,28
#MilePhakphum,27
#BharatJodoYatra,27
#Taksim,27
#青岛,27
#南昌,27
#合肥,26
#郑州,26
#TREASURE,26
#北海道グルメ旅,26
#1,26
#BamBam,26
#沈阳,26
#重庆,26
#佛山,26
#NFT,25
#nsfwtwt,25
#Bitcoin,24
#SaveWarriorNun,24
#ウマ娘,24
#2000sonrasiADALET,23
#上海丝足,23
#NCT127,23
#猫のうんこ顔選手権,23
#SılaTürkoğlu,23
#BTS,22
#AnjiSalvacion,22
#FKocaÇkysTamamla,22
#反差,22
#talkximg,22
#IRGCterrorists,22
#西安,22
#NewProfilePic,22
#BharatJodoYatraFinale,21
#宁波,21
#东莞,21
#北京丝足,21
#苏州丝足,21
#Amazonギフト券,21
#BB16,21
#rt,20
#crypto,20
#TOMORROW_X_TOGETHER,20
#corlu,20
#TXT,20
#엔하이픈,20
#厦门,20
#成都资源,20
#KamuŞefleri,20
#太原,20
#อิงฟ้ามหาชน,20
#MCStan,19
#Residency15,19
#NFTs,19
#DoğFat,19
#スシロー,19
#TejaTroops,19
#SlowMo,19
#イラスト,19
#GulfKanawut,18
#ซงจุงกิ,18
#BNB,18
#Thunivu,18
#บิวจักรพันธ์,18
#horny,18
#صباح_الخير,18
#YetToCome,18
#limyoungwoong,18
#EmeklilikteYaşaTakıIanIar,18
#シャイロックの子供たち,18
#乌鲁木齐,18
#玉森裕太,18
#いま食べたい丸亀製麺あったかうどん,18
#MahatmaGandhi,17
#ad,17
#porn,17
#winmetawin,17
#无锡,17
#섹트,17
#แพทริค,17
#WheelsUp,17
#プレバンへGOGO,17
#2,17
#NintendoSwitch,17
#ヤマダTwitter空気清浄ファンヒータープレゼント企画,16
#트레저,16
#プレゼント🎁,16
#天津,16
#EnhancedMa…,16
#SüsÖm,16
#TheyCallHimOG,16
#南京,16
#Airdrop,16
#آخر_کب_نکلو_گے,16
#dポイント,16
#マン凸,16
#Binance,16
#母狗,16
#BTSArmy,16
#推特刷粉,16
#WhoAreYou,16
#YiğitKoçak,16
#P1Harmony,16
#裏アカ女子,16
#gay,15
#JIMIN,15
#今月描いた絵を晒そう,15
#长沙,15
#青岛资源,15
#武汉,15
#懸賞,15
#onlyfans,15
#ドミノピザ,15
#ベーコンシェイク,15
#プロセカ,15
#SayNoToAPC,15
#推特刷粉丝,15
#INTO1Patrick,15
#KisMyFt2,15
#FaisolAli,14
#その場で当たる,14
#BBQueen,14
"#방탄소년단,",14
#BEOMGYU,14
#Yahooニュース,14
#上海按摩,14
#KDLex,14
#WarriorNun,14
#투모로우바이투게더,14
#เครดิตฟรี,14
#成都丝足,14
#KumhamKalsel,14
#apocolleagues,14
#反差婊,14
#青岛丝足,13
#上海SPA,13
#昆明,13
#ArchanaGautam,13
#esenler,13
#예성,13
#沈阳资源,13
#海口,13
#gaziosmanpasa,13
#鴨ねぎうどん,13
#P2E,13
#SumbulTouqeerKhan,13
#肉がさね玉子あんかけうどん,13
#沈阳丝足,13
#推特账号,13
#JaganannaChedhodu,13
#Mecidiyeköy,13
#LISA,13
#拡散希望,13
#VIBE,13
#LimYoungWoong,13
#follow,13
#DasaraTeaser,13
#JIHOON,13
#サクムス,12
#JTB旅みくじ⛩️,12
#antalyatraveﬅi,12
#YESUNG,12
#MondayMotivation,12
#SUPERJUNIOR,12
#KingandPrince,12
#ısparta,12
#KCON2023THAILAND,12
#성인,12
#shopmycloset,12
#KDEstrada,12
#NCT,12
#上戸彩,12
#ETH,12
#bitcoin,12
#지훈,12
#ジフン,12
#TikTok,12
#推特买粉,12
#阿部サダヲ,12
#福州,12
#LizgeCömert,12
#슈퍼주니어,12
#郑州资源,11
#石家庄,11
#萝莉,11
#巡音ルカ誕生祭2023,11
#Sensory_Flows,11
#3,11
#Kranti,11
#에이티즈,11
#zonauang,11
#德州,11
#鞍山,11
#BLACKPINK,11
#三亚,11
#ヤマダTwitterワイヤレスステレオヘッドセットプレゼント企画,11
#TheNameChapter,11
#迷惑行為,11
#Ethereum,11
#warwanarat,11
#deprem,11
#kadıköy,11
#TinaDatta,11
#この冬1番HOTなびっくりドンキー,11
#Crypto,11
#Thalapathy67,11
#南昌资源,11
#推特账号购买,11
#绍兴,11
#StrayKids,11
#tlou,11
#长春,11
#国会中継,11
#どうする家康,11
#خوی,10
#珠海,10
#CharlotteAustin,10
#にじさんじタロット,10
#AlexaIlacad,10
#盐城,10
#にじストア,10
#PETAWalangAray,10
#FGO,10
#PriyAnkit,10
#南通,10
#سكس_كتابي,10
#Splatoon3,10
#fanart,10
#PS4share,10
#ATEEZ,10
#TEMPTATION,10
#NCTDREAM,10
#金华,10
#ぼっち・ざ・ろっく,10
#プレゼント企画,10
#盘锦,10
#丸亀製麺,10
#INI,10
#Bosschaikamon,10
#ROSÉ,10
#สนุกสุดจัด2022,10
#AdaniGroup,10
#YiğLiz,10
#ทีมมก,10
#Arbitrum.,10
#AIart,10
#انصاف_کرو_پاکستان_بچاؤ,10
#thelastofus,10
#PayPay,10
#Vh1Playlist,10
#大庆,10
#ブルーアーカイブ,10
#YUGYEOM,10
#휴닝카이,10
#prsk_FA,10
#เป๊กผลิตโชค,10
#温州,9
#副業,9
#湛江,9
#여신님이보고계셔,9
#佛山资源,9
#TheLastOfUsHBO,9
#AyBer,9
#SEVENTEEN,9
#キスマイ,9
#MewSuppasit,9
#MelisMinkari,9
#MeclisStajiOyla,9
#RecepUsta,9
#韶关,9
#izmirtraveﬅi,9
#BBB23,9
#常州,9
#BTC,9
#hentai,9
#TREASURE_hello_in_bangkok,9
#เอิร์ทมิกซ์,9
#SHIBONK,9
#Jinyoung_RendezvousDay2,9
#GOT7,9
#NuNew,9
#徐州,9
#JENNIE,9
#เครดิตฟรี50,9
#JUNGWON,9
#foca,9
#银川,9
#苏州spa,9
#A…,9
#贵阳,9
#Prabhas,9
#민혁,9
#河源,9
#蚌埠,9
#ShahRukhKhan,9
#Hisense,9
#IranRevolution,9
#cryptocurrency,9
#เงี่ยนหีแฉะ,9
#HUENINGKAI,9
#blowjob,9
#南阳,9
#Iran,9
#北京spa,9
#ฟรีนเบค,9
#广州资源,9
#梧州,9
#吉林,9
#فويس,9
#U19T20WorldCup,9
#iHeartAwards!,9
#新乡,9
#裸聊,9
#เครดิตฟรีล่าสุด,9
#ポケモンSV,9
#桂林,9
#NowPlaying,9
#抽選,9
#迷子犬,9
#HalilİbrahimCeyhan,9
#nsfwtw,9
#realme10ProSeries,8
#아사히,8
#BKCมีเขาเหงาได้ไง_RoadshowD1,8
#嘉兴,8
#骚货,8
#文爱,8
#Polygon,8
#Amazon,8
#九江,8
#兰州,8
#THEO,8
#裏アカ男子と繋がりたい,8
#CelebrationAtSalabatpura,8
#N…,8
#genshinimpact,8
#phuwintang,8
#赣州,8
#ایران_ما,8
#カラダフリー,8
#bbb23,8
#随州,8
#SongJoongKi,8
#せっちゃんからのおすそわけ,8
#รีทวิตส่งหีให้ดู,8
#뉴진스,8
#丹东,8
#Ukraine,8
#시디,8
#ShawtyBoss,8
#SUNGHOON,8
#张掖,8
#web3,8
#炎舞ノ章,8
#Jinyoung,8
#CanYaman,8
#PPKritThe1stFanMeeting,8
#fashion,8
#RecMel,8
#bodrumtraveﬅi,8
#Release_AsharamBapu,8
#टीम_महापंचायत,8
#NI_KI,8
#西野七瀬,8
#杭州按摩,8
#BiggBoss,8
#デレステ,8
#朝阳,8
#BibleWichapas,8
#TREASU…,8
#お前ら全員私にぷちょへんざ2👯‍♀️,8
#呼和浩特,8
#マシュマロを投げ合おう,8
#SumbuITouqeerKhan,8
#MarkTuan,8
#WeAreTogether,8
#ataşehir,8
#검스,8
#TRUZ,8
#sex,8
#亳州,8
#锦州,8
#BTSARMY,8
#巡音ルカ14th,8
#JAKE,8
#AjithKumar,8
#HEESEUNG,8
#NanaNu,8
#กลัฟคณาวุฒิ,8
#はま寿司,8
#くら寿司,8
#AMA,8
#巡音ルカ,8
#srchafreen,8
#アークナイツ,8
#池井戸潤,8
#玉林,8
#推特粉丝,8
#btc,8
#폰트안내,8
#苏州SPA,7
#반나,7
#معصيتي_راحتي,7
#عمه,7
#郑州丝足,7
#泰州,7
#安庆,7
#惠州,7
#柳州,7
#马鞍山,7
#세븐틴,7
#まるでお店の一杯目生ジョッキ缶,7
#バウンティ垢販売,7
#الاتحاد_الفيحاء,7
#GIDLE,7
#電子マネーギフト,7
#데이트,7
#淄博,7
#제이크,7
#anime,7
#スプラトゥーン3,7
#TWICE,7
#贵港,7
#调教,7
#临沂,7
#白石麻衣,7
#北海,7
#HadirIkhlas,7
#アマギフ,7
#NFTCommunity,7
#鹤壁,7
#苏州按摩,7
#معصيتيي_رlحتيي,7
#聊城,7
#松原,7
#HindenburgReport,7
#FreeMaziNnamdiKanu,7
#블랙핑크,7
#NewJeans,7
#JAEHYUN,7
#镇江,7
#art,7
#บาสเด็กอ้วนที่แท้จริง,7
#ミラシル,7
#南京丝足,7
#Web3,7
#阜阳,7
#ParkJimin,7
#猫,7
#淮北,7
#ONEPIECE,7
#SmileyofCharlotte,7
#六安,7
#PiChain,7
#カレ…,7
#バウンティ垢交換,7
#东营,7
#India,7
#湖州,7
#サトノダイヤモンド生誕祭2023,7
#佛山丝足,7
#news,7
#shindanmaker,7
#pixelart,7
#TuprasaSesver,7
#ดวงใจเทวพรหม,7
#哈尔滨,7
#柴犬,7
#FinalMissGrandChaiyaphum2023,7
#秦皇岛,7
#营口,7
#먹타그,7
#ยาบ้า,7
#heeseung,7
#prem_space,7
#SLAMDUNK,7
#开封,7
#HEN),7
#علي_يقول_ابو_بكر_نظام_الدين,7
#济南,7
#ポケカ,7
#Russia,7
#三门峡,7
#衢州,7
#おかえりモーニングサーブCP,7
#临汾,7
#4YearsWithScenery,7
#ジャニーズ,7
#ドコモからのお年玉🎍㊗,7
#山西,7
#田中樹,7
#chainsawman,7
#肉便器,7
#anal,7
#刷粉平台,7
#style,7
#LALISA,7
#MVSales,7
#SSMB28,7
#AIイラスト,7
#pussy,7
#沧州,7
#NCT127_Ay_Yo,7
#FinalShowMissGrandChaiyapphum2023,7
#love,7
#ایران,7
#SEIKO,7
#浙江,7
#承德,7
#YuvaGalamPadayatra,7
#ASAHI,7
#广州丝足,6
#晋中,6
#IVE,6
#재민,6
#GodKabir_NirvanaDiwas,6
#NimritKaurAhluwalia,6
#ドッカンバトル,6
#poshmark,6
#cum,6
#櫻坂46,6
#slut,6
#Listen_to_SurrahAlrehman,6
#日照,6
#nudes,6
#توماج_صالحی,6
#아이브,6
#CoolJamBirthdayCharity,6
#タイトーくじ,6
#祝ツキヨミ7300万回,6
#Poshmark,6
#PriyankaPaltan,6
#菏泽,6
#ENHYPEN_JAY,6
#hololiveERROR,6
#뱀뱀,6
#包头,6
#Ay_Yo,6
#ممحونه,6
#마크,6
#TejRanFam,6
#YardımcıHizmetler,6
#مشتهيه,6
#通辽,6
#漯河,6
#giveaway,6
#金剛力也像,6
#Gandhi,6
#丽江,6
#迷い犬,6
#EXO,6
#福建,6
#tuzla,6
#임영웅_브평UP,6
#杭州SPA,6
#Israel,6
#烟台,6
#DBoss,6
#三笘薫,6
#GHUNT,6
#EYT,6
#眉山,6
#ไบร์ทวิน,6
#钦州,6
#湘潭,6
#Tigray,6
#gayporn,6
#羞辱,6
#drawluca,6
#配信,6
#희승,6
#龙岩,6
#BLACKPINK’s,6
#karşıyaka,6
#哈密,6
#NCT127_NEOCITY_THE_LINK,6
#ミラティブ,6
#NFTGaming,6
#PPfandayxTokyo,6
#白山,6
#Qalandar_Baba_Bukhari,6
#辽阳,6
#推特买粉丝,6
#洛阳,6
#آرمیتا_عباسی,6
#拉萨,6
#淮南,6
#สล็อตแตกง่าย,6
#じぇー太,6
#百家乐,6
#gandhiji,6
#ShehnaazGill,6
#節分,6
#汕头,6
#唐山,6
#濮阳,6
#KaranKundrra,6
#ビアボールやってみた…,6
#ビアボール,6
#donnalisi,6
#มายอาโป,6
#Genshinlmpact,6
#SPM2022,6
#ديوث_بدوي,6
#TJBB,6
#PSGSDR,6
#河北,6
#nft,6
#BoycottBOC,6
#ドラゴンボール,6
#人妻,6
#GreenyRose,6
#KCON,6
#mecidiyeköy,6
#七台河,6
#4,6
#本溪,6
#宁波资源,6
#sexy,6
#ภารกิจลับQ14,6
#sellingcontent,6
#방탄소년단,6
#성훈,6
#パイ凸,6
#BagkurKapatilsin,6
#絵まる,6
#풋잡,6
#南宫,6
#黑龙江,6
#びっくりドンキー,6
#JaneDeLeon,6
#成都按摩,6
#SumbulSquad,6
#BagkurKapatılsın,6
#忻州,6
#抚州,6
#济宁,6
#BossNoeul,6
#鄂尔多斯,6
#寿司テロ,6
#nsfwtwtًً,6
#Noeulnuttarat,6
#炭酸でつくる自由なビール,6
#الديش_المسري,6
#十堰,6
#IchitanxBright,6
#シャニマス歌ってみた,6
#dunknatachai,6
#kurtköy,5
#JAEMIN,5
#绿奴,5
#키스,5
#巴中,5
#ปอนด์ภูวินทร์,5
#Bigg…,5
#Amazonギフトカード,5
#广元,5
#snowfall,5
#河池,5
#LOrealParisxFortPeat,5
#Cryptopunks,5
#デジホ2023年立春キャンペーン,5
#うどん,5
#スーパーアプリクーポン祭,5
#牛牛,5
#絵柄が好みって人にフォローされたい,5
#SafeflightHKxBible,5
#SixTONES,5
#潍坊,5
#صباح_الخيرᅠ,5
#吴忠,5
#socialmedia,5
#business,5
#泸州,5
#宜宾,5
#水星の魔女,5
#Gemini_NT,5
#肇庆,5
#JACKSONININDIA,5
#เจมีไนน์โฟร์ท,5
#襄樊,5
#Sui,5
#BEFIRST,5
#チョコクロ,5
#サンマルクカフェ,5
#MeMindY2023NextProject,5
#岡田准一,5
#约炮交友,5
#Newwiee,5
#潮州,5
#铜川,5
#Dasara,5
#şişli,5
#五河,5
#かき食べたい❗,5
#Buca,5
#阳泉,5
#漫画が読めるハッシュタグ,5
#南京资源,5
#查档,5
#Eyt99SonuHakkımız,5
#JIUNG,5
#ass,5
#Jimin,5
#BKCมีเขาเหงาได้ไง,5
#AK,5
#漳州,5
#查个人信息,5
#南宁,5
#MagentaBoy,5
#yinyin_anw,5
#ErkanMeriç,5
#相互フォロー,5
#幼女,5
#海东,5
#8TURN,5
#ふぁみこれ,5
#Jin,5
#叶,5
#YOSHIKI,5
#NimritKaurAhluwalia𓃵,5
#menemen,5
#aliağa,5
#KQFellaz2,5
#Mbitious…,5
#teens,5
#ebony,5
#whore,5
#FreeMaziNnamdiKanuNow,5
#iKON,5
#猫好きさんと繋がりたい,5
#杭州spa,5
#انصاف_کرو_…,5
#赣榆区,5
#炎炎炎舞,5
#HYDE,5
#町田ちま,5
#JIN,5
#安阳,5
#NeverForget,5
#酒泉,5
#teen,5
#铜陵,5
#山东,5
#揭阳,5
#ShivRit,5
#回転寿司,5
#北京按摩,5
#ミクチャ,5
#犬,5
#MileApo,5
#PriyankaChoudhar…,5
#الاتحاد,5
#Adani,5
#云浮,5
#大同,5
#เจมีไนน์,5
#pixiv,5
"#PS5Share,",5
#StopBanjaraConversion,5
#映画,5
#บิวทําร้ายร่างการผู้หญิง,5
#重庆丝足,5
#重庆资源,5
#ShahRukhKhan𓀠,5
#สล็อตp…,5
#สล็อตเว็บตรง,5
#FOLLOW,5
#MondayMorning,5
#保護猫,5
#西安资源,5
#ミラシル真冬のWキャンペーン,5
#段宜恩,5
#유겸,5
#3MilyonOYEhliyetAffı,5
#乐山,5
#ليز,5
#IMHERO,5
#dek66,5
#Reno8TdiShopee,5
#南昌丝足,5
#湖北,5
#叶县,5
#USA,5
#乱伦,5
#FKPPfandayxTokyo,5
#Pakistan,5
#precure,5
#มิวศุภศิษฏ์,5
#Solana,5
#バウンティ,5
#中卫,5
#衡水,5
#ねこ,5
#巩义,5
#RizviWarriors,5
#RoyalRumble,5
#레이,5
#뜨밤,5
#SOOBIN,5
#朝光,5
#nhk_news,5
#咸阳,5
#上海spa,5
#信阳,5
#寝る時真っ暗vsちょっと点ける,5
#BlueArchive,5
#leaked,5
#SaveLadakh,5
#宁德,5
#lovelive,5
#B…,5
#フォロバ100,5
#住まい探し応援,5
#黄山,5
#72でマネーケア,5
#保定,5
#意淫,5
#上饶,5
#Valimai,5
#EmiratesFACup,5
#ゆめくろ,5
#アットホーム,5
#新春ぷろみぃくじ,5
#6thSchedule,5
#平顶山,5
#เฟิร์สข้าวตัง,5
#daddy,5
#HARUTO,5
#하루토,5
#ClimateFast,5
#恩施,5
#AK62,5
#ウッチャンナンチャン,5
#ぷろみぃ,5
#พี่บัวลอยน้องน้ําขิงอินเจแปน,5
#지민,5
#투모로…,5
#MegaBlockBusterKranti,5
#스티커,5
#eBay,5
#ลออจันทร์,5
#pyt,5
#孝感,5
#로제,5
#周村,5
#สล็อต,5
#nsfwtwtًًًٌٌٍِّ,5
#汾阳,5
#深圳SPA,5
#TopMusicUniverse,5
#일탈,5
#齐齐哈尔,5
#黑河,5
#PINTOAWARDS,5
#ワンピース,5
#Alhaitham,5
#黑客,5
#LAZ1,5
#ดาราไต้หวัน,5
#AkınAkınözü,5
#ドミノのベーコンシェイクあり派,5
#Ad,5
#NFLPlayoffs,5
#葫芦岛,5
#キンプリンク,5
#莆田,5
#Meennicha8,5
#BSCGemsAlert,5
#dildo,5
#GranHermano,5
#JINYOUNGFanconSeoul_Day2,5
#اكره_النقاب,5
#박진영,5
#هورني,5
#mynameisnanon,5
#陕西,5
#渭南,5
#Jeddah_Fullbodymassage,5
#فحل,5
#مّعِصُيتَيٓ_راٌحّتٍيٰ,5
#大连,5
#JAY,5
#新疆,5
#P1ONEERinChicago,5
#buca,5
#晋城,5
#レオニの日常📱✨,5
#曲靖,5
#كلب,5
#معصيتي_رIحتي,5
#RPF,5
#Peing,5
#WaltairVeerayya,5
#통통,5
#شوقر_دادي,5
#Su…,4
#재현,4
#treasure,4
#진영,4
#吕梁市,4
#PhynaTheElephant𓃰,4
#建湖,4
#モンスト,4
#MyTwitterAnniversary,4
#女m,4
#SongJoongki,4
#Pathan,4
#女S,4
#MONEY,4
#zhongli,4
#SRK,4
#FEエンゲージ,4
#転天,4
#QPoker,4
#공주,4
#JungSoojung,4
#형원,4
#焦作,4
#ไว้เจอกันใหม่นะคับแพทริค,4
#辽宁,4
#郴州,4
#MissUganda2023,4
#10รับ100,4
#정수정,4
#查微信聊天记录,4
#Travern,4
